CREATE TABLE t1 (pk INT PRIMARY KEY, f1 INT, f2 INT, f3 TINYINT, f4 MEDIUMINT, f5 BIGINT, f6 INT, f7 INT, f8 char(1));
CREATE TABLE t2 (pk INT PRIMARY KEY, f1 INT, f2 INT, f3 INT, f4 INT, f5 MEDIUMINT, f6 INT, f7 INT, f8 char(1));
INSERT INTO t1 VALUES (10, 1, 2, 3, 4, 5, 6, 7, "");
INSERT INTO t1 VALUES (11, 1, 2, 3, 4, 5, 6, 7, NULL);
INSERT INTO t1 VALUES (12, 1, 2, 3, NULL, 5, 6, 7, "A");
INSERT INTO t1 VALUES (13, 1, 2, 3, 0, 5, 6, 7, "A");
INSERT INTO t2 SELECT * FROM t1;
UPDATE t2 SET f4=5 WHERE f4>0 or f4 is NULL;
DELETE FROM t1;
DELETE FROM t2;
FLUSH BINARY LOGS;
/*!50530 SET @@SESSION.PSEUDO_SLAVE_MODE=1*/;
/*!40019 SET @@session.max_insert_delayed_threads=0*/;
/*!50003 SET @OLD_COMPLETION_TYPE=@@COMPLETION_TYPE,COMPLETION_TYPE=0*/;
DELIMITER /*!*/;
# at 4
#<date> server id 1  end_log_pos 249 CRC32 XXX 	Start: xxx
ROLLBACK/*!*/;
# at 249
#<date> server id 1  end_log_pos 278 CRC32 XXX 	Gtid list []
# at 278
#<date> server id 1  end_log_pos 322 CRC32 XXX 	Binlog checkpoint master-bin.000001
# at 322
#<date> server id 1  end_log_pos 364 CRC32 XXX 	GTID 0-1-1 ddl
/*!100101 SET @@session.skip_parallel_replication=0*//*!*/;
/*!100001 SET @@session.gtid_domain_id=0*//*!*/;
/*!100001 SET @@session.server_id=1*//*!*/;
/*!100001 SET @@session.gtid_seq_no=1*//*!*/;
# at 364
#<date> server id 1  end_log_pos 548 CRC32 XXX 	Query	thread_id=4	exec_time=x	error_code=0
use `test`/*!*/;
SET TIMESTAMP=X/*!*/;
SET @@session.pseudo_thread_id=4/*!*/;
SET @@session.foreign_key_checks=1, @@session.sql_auto_is_null=0, @@session.unique_checks=1, @@session.autocommit=1, @@session.check_constraint_checks=1/*!*/;
SET @@session.sql_mode=1342177280/*!*/;
SET @@session.auto_increment_increment=1, @@session.auto_increment_offset=1/*!*/;
/*!\C latin1 *//*!*/;
SET @@session.character_set_client=8,@@session.collation_connection=8,@@session.collation_server=8/*!*/;
SET @@session.lc_time_names=0/*!*/;
SET @@session.collation_database=DEFAULT/*!*/;
CREATE TABLE t1 (pk INT PRIMARY KEY, f1 INT, f2 INT, f3 TINYINT, f4 MEDIUMINT, f5 BIGINT, f6 INT, f7 INT, f8 char(1))
/*!*/;
# at 548
#<date> server id 1  end_log_pos 590 CRC32 XXX 	GTID 0-1-2 ddl
/*!100001 SET @@session.gtid_seq_no=2*//*!*/;
# at 590
#<date> server id 1  end_log_pos 767 CRC32 XXX 	Query	thread_id=4	exec_time=x	error_code=0
SET TIMESTAMP=X/*!*/;
CREATE TABLE t2 (pk INT PRIMARY KEY, f1 INT, f2 INT, f3 INT, f4 INT, f5 MEDIUMINT, f6 INT, f7 INT, f8 char(1))
/*!*/;
# at 767
#<date> server id 1  end_log_pos 809 CRC32 XXX 	GTID 0-1-3
/*!100001 SET @@session.gtid_seq_no=3*//*!*/;
BEGIN
/*!*/;
# at 809
# at 883
#<date> server id 1  end_log_pos 883 CRC32 XXX 	Annotate_rows:
#Q> INSERT INTO t1 VALUES (10, 1, 2, 3, 4, 5, 6, 7, "")
#<date> server id 1  end_log_pos 939 CRC32 XXX 	Table_map: `test`.`t1` mapped to number num
# at 939
#<date> server id 1  end_log_pos 1008 CRC32 XXX 	Write_rows: table id 30 flags: STMT_END_F
### INSERT INTO `test`.`t1`
### SET
###   @1=10 /* INT meta=0 nullable=0 is_null=0 */
###   @2=1 /* INT meta=0 nullable=1 is_null=0 */
###   @3=2 /* INT meta=0 nullable=1 is_null=0 */
###   @4=3 /* TINYINT meta=0 nullable=1 is_null=0 */
###   @5=4 /* MEDIUMINT meta=0 nullable=1 is_null=0 */
###   @6=5 /* LONGINT meta=0 nullable=1 is_null=0 */
###   @7=6 /* INT meta=0 nullable=1 is_null=0 */
###   @8=7 /* INT meta=0 nullable=1 is_null=0 */
###   @9='' /* STRING(1) meta=65025 nullable=1 is_null=0 */
# at 1008
#<date> server id 1  end_log_pos 1081 CRC32 XXX 	Query	thread_id=4	exec_time=x	error_code=0
SET TIMESTAMP=X/*!*/;
COMMIT
/*!*/;
# at 1081
#<date> server id 1  end_log_pos 1123 CRC32 XXX 	GTID 0-1-4
/*!100001 SET @@session.gtid_seq_no=4*//*!*/;
BEGIN
/*!*/;
# at 1123
# at 1199
#<date> server id 1  end_log_pos 1199 CRC32 XXX 	Annotate_rows:
#Q> INSERT INTO t1 VALUES (11, 1, 2, 3, 4, 5, 6, 7, NULL)
#<date> server id 1  end_log_pos 1255 CRC32 XXX 	Table_map: `test`.`t1` mapped to number num
# at 1255
#<date> server id 1  end_log_pos 1323 CRC32 XXX 	Write_rows: table id 30 flags: STMT_END_F
### INSERT INTO `test`.`t1`
### SET
###   @1=11 /* INT meta=0 nullable=0 is_null=0 */
###   @2=1 /* INT meta=0 nullable=1 is_null=0 */
###   @3=2 /* INT meta=0 nullable=1 is_null=0 */
###   @4=3 /* TINYINT meta=0 nullable=1 is_null=0 */
###   @5=4 /* MEDIUMINT meta=0 nullable=1 is_null=0 */
###   @6=5 /* LONGINT meta=0 nullable=1 is_null=0 */
###   @7=6 /* INT meta=0 nullable=1 is_null=0 */
###   @8=7 /* INT meta=0 nullable=1 is_null=0 */
###   @9=NULL /* STRING(1) meta=65025 nullable=1 is_null=1 */
# at 1323
#<date> server id 1  end_log_pos 1396 CRC32 XXX 	Query	thread_id=4	exec_time=x	error_code=0
SET TIMESTAMP=X/*!*/;
COMMIT
/*!*/;
# at 1396
#<date> server id 1  end_log_pos 1438 CRC32 XXX 	GTID 0-1-5
/*!100001 SET @@session.gtid_seq_no=5*//*!*/;
BEGIN
/*!*/;
# at 1438
# at 1516
#<date> server id 1  end_log_pos 1516 CRC32 XXX 	Annotate_rows:
#Q> INSERT INTO t1 VALUES (12, 1, 2, 3, NULL, 5, 6, 7, "A")
#<date> server id 1  end_log_pos 1572 CRC32 XXX 	Table_map: `test`.`t1` mapped to number num
# at 1572
#<date> server id 1  end_log_pos 1639 CRC32 XXX 	Write_rows: table id 30 flags: STMT_END_F
### INSERT INTO `test`.`t1`
### SET
###   @1=12 /* INT meta=0 nullable=0 is_null=0 */
###   @2=1 /* INT meta=0 nullable=1 is_null=0 */
###   @3=2 /* INT meta=0 nullable=1 is_null=0 */
###   @4=3 /* TINYINT meta=0 nullable=1 is_null=0 */
###   @5=NULL /* MEDIUMINT meta=0 nullable=1 is_null=1 */
###   @6=5 /* LONGINT meta=0 nullable=1 is_null=0 */
###   @7=6 /* INT meta=0 nullable=1 is_null=0 */
###   @8=7 /* INT meta=0 nullable=1 is_null=0 */
###   @9='A' /* STRING(1) meta=65025 nullable=1 is_null=0 */
# at 1639
#<date> server id 1  end_log_pos 1712 CRC32 XXX 	Query	thread_id=4	exec_time=x	error_code=0
SET TIMESTAMP=X/*!*/;
COMMIT
/*!*/;
# at 1712
#<date> server id 1  end_log_pos 1754 CRC32 XXX 	GTID 0-1-6
/*!100001 SET @@session.gtid_seq_no=6*//*!*/;
BEGIN
/*!*/;
# at 1754
# at 1829
#<date> server id 1  end_log_pos 1829 CRC32 XXX 	Annotate_rows:
#Q> INSERT INTO t1 VALUES (13, 1, 2, 3, 0, 5, 6, 7, "A")
#<date> server id 1  end_log_pos 1885 CRC32 XXX 	Table_map: `test`.`t1` mapped to number num
# at 1885
#<date> server id 1  end_log_pos 1955 CRC32 XXX 	Write_rows: table id 30 flags: STMT_END_F
### INSERT INTO `test`.`t1`
### SET
###   @1=13 /* INT meta=0 nullable=0 is_null=0 */
###   @2=1 /* INT meta=0 nullable=1 is_null=0 */
###   @3=2 /* INT meta=0 nullable=1 is_null=0 */
###   @4=3 /* TINYINT meta=0 nullable=1 is_null=0 */
###   @5=0 /* MEDIUMINT meta=0 nullable=1 is_null=0 */
###   @6=5 /* LONGINT meta=0 nullable=1 is_null=0 */
###   @7=6 /* INT meta=0 nullable=1 is_null=0 */
###   @8=7 /* INT meta=0 nullable=1 is_null=0 */
###   @9='A' /* STRING(1) meta=65025 nullable=1 is_null=0 */
# at 1955
#<date> server id 1  end_log_pos 2028 CRC32 XXX 	Query	thread_id=4	exec_time=x	error_code=0
SET TIMESTAMP=X/*!*/;
COMMIT
/*!*/;
# at 2028
#<date> server id 1  end_log_pos 2070 CRC32 XXX 	GTID 0-1-7
/*!100001 SET @@session.gtid_seq_no=7*//*!*/;
BEGIN
/*!*/;
# at 2070
# at 2124
#<date> server id 1  end_log_pos 2124 CRC32 XXX 	Annotate_rows:
#Q> INSERT INTO t2 SELECT * FROM t1
#<date> server id 1  end_log_pos 2180 CRC32 XXX 	Table_map: `test`.`t2` mapped to number num
# at 2180
#<date> server id 1  end_log_pos 2347 CRC32 XXX 	Write_rows: table id 31 flags: STMT_END_F
### INSERT INTO `test`.`t2`
### SET
###   @1=10 /* INT meta=0 nullable=0 is_null=0 */
###   @2=1 /* INT meta=0 nullable=1 is_null=0 */
###   @3=2 /* INT meta=0 nullable=1 is_null=0 */
###   @4=3 /* INT meta=0 nullable=1 is_null=0 */
###   @5=4 /* INT meta=0 nullable=1 is_null=0 */
###   @6=5 /* MEDIUMINT meta=0 nullable=1 is_null=0 */
###   @7=6 /* INT meta=0 nullable=1 is_null=0 */
###   @8=7 /* INT meta=0 nullable=1 is_null=0 */
###   @9='' /* STRING(1) meta=65025 nullable=1 is_null=0 */
### INSERT INTO `test`.`t2`
### SET
###   @1=11 /* INT meta=0 nullable=0 is_null=0 */
###   @2=1 /* INT meta=0 nullable=1 is_null=0 */
###   @3=2 /* INT meta=0 nullable=1 is_null=0 */
###   @4=3 /* INT meta=0 nullable=1 is_null=0 */
###   @5=4 /* INT meta=0 nullable=1 is_null=0 */
###   @6=5 /* MEDIUMINT meta=0 nullable=1 is_null=0 */
###   @7=6 /* INT meta=0 nullable=1 is_null=0 */
###   @8=7 /* INT meta=0 nullable=1 is_null=0 */
###   @9=NULL /* STRING(1) meta=65025 nullable=1 is_null=1 */
### INSERT INTO `test`.`t2`
### SET
###   @1=12 /* INT meta=0 nullable=0 is_null=0 */
###   @2=1 /* INT meta=0 nullable=1 is_null=0 */
###   @3=2 /* INT meta=0 nullable=1 is_null=0 */
###   @4=3 /* INT meta=0 nullable=1 is_null=0 */
###   @5=NULL /* INT meta=0 nullable=1 is_null=1 */
###   @6=5 /* MEDIUMINT meta=0 nullable=1 is_null=0 */
###   @7=6 /* INT meta=0 nullable=1 is_null=0 */
###   @8=7 /* INT meta=0 nullable=1 is_null=0 */
###   @9='A' /* STRING(1) meta=65025 nullable=1 is_null=0 */
### INSERT INTO `test`.`t2`
### SET
###   @1=13 /* INT meta=0 nullable=0 is_null=0 */
###   @2=1 /* INT meta=0 nullable=1 is_null=0 */
###   @3=2 /* INT meta=0 nullable=1 is_null=0 */
###   @4=3 /* INT meta=0 nullable=1 is_null=0 */
###   @5=0 /* INT meta=0 nullable=1 is_null=0 */
###   @6=5 /* MEDIUMINT meta=0 nullable=1 is_null=0 */
###   @7=6 /* INT meta=0 nullable=1 is_null=0 */
###   @8=7 /* INT meta=0 nullable=1 is_null=0 */
###   @9='A' /* STRING(1) meta=65025 nullable=1 is_null=0 */
# at 2347
#<date> server id 1  end_log_pos 2420 CRC32 XXX 	Query	thread_id=4	exec_time=x	error_code=0
SET TIMESTAMP=X/*!*/;
COMMIT
/*!*/;
# at 2420
#<date> server id 1  end_log_pos 2462 CRC32 XXX 	GTID 0-1-8
/*!100001 SET @@session.gtid_seq_no=8*//*!*/;
BEGIN
/*!*/;
# at 2462
# at 2528
#<date> server id 1  end_log_pos 2528 CRC32 XXX 	Annotate_rows:
#Q> UPDATE t2 SET f4=5 WHERE f4>0 or f4 is NULL
#<date> server id 1  end_log_pos 2584 CRC32 XXX 	Table_map: `test`.`t2` mapped to number num
# at 2584
#<date> server id 1  end_log_pos 2658 CRC32 XXX 	Update_rows: table id 31 flags: STMT_END_F
### UPDATE `test`.`t2`
### WHERE
###   @1=10 /* INT meta=0 nullable=0 is_null=0 */
###   @5=4 /* INT meta=0 nullable=1 is_null=0 */
### SET
###   @5=5 /* INT meta=0 nullable=1 is_null=0 */
### UPDATE `test`.`t2`
### WHERE
###   @1=11 /* INT meta=0 nullable=0 is_null=0 */
###   @5=4 /* INT meta=0 nullable=1 is_null=0 */
### SET
###   @5=5 /* INT meta=0 nullable=1 is_null=0 */
### UPDATE `test`.`t2`
### WHERE
###   @1=12 /* INT meta=0 nullable=0 is_null=0 */
###   @5=NULL /* INT meta=0 nullable=1 is_null=1 */
### SET
###   @5=5 /* INT meta=0 nullable=1 is_null=0 */
# at 2658
#<date> server id 1  end_log_pos 2731 CRC32 XXX 	Query	thread_id=4	exec_time=x	error_code=0
SET TIMESTAMP=X/*!*/;
COMMIT
/*!*/;
# at 2731
#<date> server id 1  end_log_pos 2773 CRC32 XXX 	GTID 0-1-9
/*!100001 SET @@session.gtid_seq_no=9*//*!*/;
BEGIN
/*!*/;
# at 2773
# at 2810
#<date> server id 1  end_log_pos 2810 CRC32 XXX 	Annotate_rows:
#Q> DELETE FROM t1
#<date> server id 1  end_log_pos 2866 CRC32 XXX 	Table_map: `test`.`t1` mapped to number num
# at 2866
#<date> server id 1  end_log_pos 2920 CRC32 XXX 	Delete_rows: table id 30 flags: STMT_END_F
### DELETE FROM `test`.`t1`
### WHERE
###   @1=10 /* INT meta=0 nullable=0 is_null=0 */
### DELETE FROM `test`.`t1`
### WHERE
###   @1=11 /* INT meta=0 nullable=0 is_null=0 */
### DELETE FROM `test`.`t1`
### WHERE
###   @1=12 /* INT meta=0 nullable=0 is_null=0 */
### DELETE FROM `test`.`t1`
### WHERE
###   @1=13 /* INT meta=0 nullable=0 is_null=0 */
# at 2920
#<date> server id 1  end_log_pos 2993 CRC32 XXX 	Query	thread_id=4	exec_time=x	error_code=0
SET TIMESTAMP=X/*!*/;
COMMIT
/*!*/;
# at 2993
#<date> server id 1  end_log_pos 3035 CRC32 XXX 	GTID 0-1-10
/*!100001 SET @@session.gtid_seq_no=10*//*!*/;
BEGIN
/*!*/;
# at 3035
# at 3072
#<date> server id 1  end_log_pos 3072 CRC32 XXX 	Annotate_rows:
#Q> DELETE FROM t2
#<date> server id 1  end_log_pos 3128 CRC32 XXX 	Table_map: `test`.`t2` mapped to number num
# at 3128
#<date> server id 1  end_log_pos 3182 CRC32 XXX 	Delete_rows: table id 31 flags: STMT_END_F
### DELETE FROM `test`.`t2`
### WHERE
###   @1=10 /* INT meta=0 nullable=0 is_null=0 */
### DELETE FROM `test`.`t2`
### WHERE
###   @1=11 /* INT meta=0 nullable=0 is_null=0 */
### DELETE FROM `test`.`t2`
### WHERE
###   @1=12 /* INT meta=0 nullable=0 is_null=0 */
### DELETE FROM `test`.`t2`
### WHERE
###   @1=13 /* INT meta=0 nullable=0 is_null=0 */
# at 3182
#<date> server id 1  end_log_pos 3255 CRC32 XXX 	Query	thread_id=4	exec_time=x	error_code=0
SET TIMESTAMP=X/*!*/;
COMMIT
/*!*/;
# at 3255
#<date> server id 1  end_log_pos 3303 CRC32 XXX 	Rotate to master-bin.000002  pos: 4
DELIMITER ;
# End of log file
ROLLBACK /* added by mysqlbinlog */;
/*!50003 SET COMPLETION_TYPE=@OLD_COMPLETION_TYPE*/;
/*!50530 SET @@SESSION.PSEUDO_SLAVE_MODE=0*/;
DROP TABLE t1,t2;
